Export date: 4/23/2017 | Export time: 0:03,,,,,,,,,,,,
Amazon Best Sellers,,,,,,,,,,,,
Average Sales: --,,,,,,,,,,,,
Average Sales Rank: --,,,,,,,,,,,,
Average Price: --,,,,,,,,,,,,
Average Reviews: --,,,,,,,,,,,,
,,,,,,,,,,,,
#,Product Name,Brand,Price,Category,Rank,Est. Sales,Est. Revenue,# of Reviews,Rating,BB Seller,ASIN,Link
1,"TP-Link Smart Plug, No Hub Required, Wi-Fi, Control your Devices from Anywhere, Works w/ Amazon Alexa & Google Assistant (HS100)",TP-Link,$24.99,Tools & Home Improvement,1,"7,859","$196,396",6047,4,AMZ,B0178IC734,https://www.amazon.com/dp/B0178IC734
2,"Rockbirds LED Flashlight, A100 Mini Super Bright 3 Mode Tactical Flashlight, Best Tools for Hiking, Hunting, Fishing and Camping (2 Pack)",RockBirds,$8.00,Tools & Home Improvement,2,"6,937","$55,496",249,5,FBA,B00X61AJYM,https://www.amazon.com/dp/B00X61AJYM
3,"Nest Learning Thermostat, 3rd Generation, Works with Amazon Alexa",Nest,$219.00,Tools & Home Improvement,3,"6,424","$1,406,856",11471,4.5,AMZ,B0131RG6VK,https://www.amazon.com/dp/B0131RG6VK
4,"Affresh Washer Machine Cleaner, 6-Tablets, 8.4 oz",Affresh,$11.98,Tools & Home Improvement,4,"6,072","$72,743",3262,4.5,AMZ,B00C91Q86I,https://www.amazon.com/dp/B00C91Q86I
5,"TP-Link Smart Plug Mini, No Hub Required, Wi-Fi, Works w/ Amazon Alexa & Google Assistant, Control your Devices from Anywhere, Occupies Only One Socket (HS105)",TP-Link,$34.99,Tools & Home Improvement,5,"5,805","$203,117",6047,4,AMZ,B01K1JVZOE,https://www.amazon.com/dp/B01K1JVZOE
6,General Electric MWF Refrigerator Water Filter,N.A.,$40.95,Tools & Home Improvement,6,"5,592","$228,992",6592,4.5,AMZ,B000AST3AK,https://www.amazon.com/dp/B000AST3AK
7,General Tools 836 Angle-izer Template Tool,General Tools,$2.75,Tools & Home Improvement,7,"5,415","$14,891",168,4,Merch,B000V4FJ4C,https://www.amazon.com/dp/B000V4FJ4C
8,"Streamlight 85177 CR123A Lithium Batteries, 12-Pack",Streamlight,$20.58,Tools & Home Improvement,8,"5,264","$108,333",3547,4,AMZ,B000IXCO8K,https://www.amazon.com/dp/B000IXCO8K
9,EveryDrop by Whirlpool Refrigerator Water Filter 1 (Pack of 1),EveryDrop Whirlpool,$39.99,Tools & Home Improvement,9,"5,133","$205,269",614,4,AMZ,B00UXG4WR8,https://www.amazon.com/dp/B00UXG4WR8
10,"URPOWER Solar Lights 8 LED Wireless Waterproof Motion Sensor Outdoor Light  for Patio, Deck, Yard, Garden with Motion Activated Auto On/Off (4-Pack)",URPOWER,$36.99,Tools & Home Improvement,10,"5,016","$185,542",4154,4.5,FBA,B012ZPKNFE,https://www.amazon.com/dp/B012ZPKNFE
11,"ASDOMO Angle-izer Template Tool, Multi-Angle Measuring Ruler, General Angleizer Template Ruler for Handymen Builders Craftsmen",Asdomo,$2.42,Tools & Home Improvement,11,"4,912","$11,887",1,5,Merch,B06XWBLJJV,https://www.amazon.com/dp/B06XWBLJJV
12,"Solar Light, 10 LED Waterproof Outdoor Wireless Motion Sensor Lights with 3 Modes, 2-Pack",Aptoyu,$NaN,Tools & Home Improvement,12,"4,818",N.A.,98,4,N.A.,B01N4GKR35,https://www.amazon.com/dp/B01N4GKR35
13,"Philips 461129 60 Watt Equivalent Soft White A19 LED Light Bulb, 16-Pack",Philips,$24.97,Tools & Home Improvement,13,"4,733","$118,183",1468,4.5,AMZ,B01CAL1EMY,https://www.amazon.com/dp/B01CAL1EMY
14,"Howard Leight by Honeywell Impact Sport Sound Amplification Electronic Earmuff, Green (R-01526",Howard Leight,$33.47,Tools & Home Improvement,14,"4,654","$155,769",11400,4.5,AMZ,B001T7QJ9O,https://www.amazon.com/dp/B001T7QJ9O
15,Frigidaire ULTRAWF Refrigerator Water Filter,N.A.,N.A.,Tools & Home Improvement,15,"4,582",N.A.,2244,4.5,N.A.,B002JAKRAM,https://www.amazon.com/dp/B002JAKRAM
16,"Gorilla Super Glue, 15 g",Gorilla,$3.83,Tools & Home Improvement,16,"4,514","$17,289",970,4.5,AMZ,B001IY82FM,https://www.amazon.com/dp/B001IY82FM
17,"Samsung Genuine DA29-00020B Refrigerator Water Filter, 1 Pack",Samsung,$49.99,Tools & Home Improvement,17,"4,451","$222,505",5013,4.5,AMZ,B003N1ZSYG,https://www.amazon.com/dp/B003N1ZSYG
18,"Kidde FA110 Multi Purpose Fire Extinguisher 1A10BC, 1 Pack",Kidde,$19.98,Tools & Home Improvement,18,"4,393","$87,772",2044,4.5,AMZ,B00002ND64,https://www.amazon.com/dp/B00002ND64
19,"O'Keeffe's for Healthy Feet Foot Cream, 3.2 oz., Jar",O'Keeffe's,$8.53,Tools & Home Improvement,19,"4,337","$36,995",5712,4.5,AMZ,B0002QB9NE,https://www.amazon.com/dp/B0002QB9NE
20,Hydroluxe Full-Chrome 24 Function Ultra-Luxury 3-way 2 in 1 Shower-Head /Handheld-Shower Combo,Hydroluxe,$24.99,Tools & Home Improvement,20,"4,285","$107,082",4684,4.5,FBA,B00JUZTG4M,https://www.amazon.com/dp/B00JUZTG4M
1,AMILIFE EDC Fidget Spinner High Speed Stainless Steel Bearing ADHD Focus Anxiety Relief Toys,AMILIFE,$3.07,Toys & Games,1,"8,399","$25,785",224,3,Merch,B01N9PIC2S,https://www.amazon.com/dp/B01N9PIC2S
2,"GongFu Star Fidget Spinner Toy Time Killer Perfect to relieve ADHD Anxiety Reduce Stress Helps Focus (White, Fidget Spinner)",GongFu Star,$2.13,Toys & Games,2,"7,393","$15,747",91,3.5,Merch,B06Y6KTBFJ,https://www.amazon.com/dp/B06Y6KTBFJ
3,"Balai Fidget Toy Hand Spinner Camouflage, Stress Reducer Relieve Anxiety and Boredom Camo (Flag Color)",Balai,$4.36,Toys & Games,3,"6,834","$29,796",10,5,Merch,B06XX2N7CJ,https://www.amazon.com/dp/B06XX2N7CJ
4,"Balai Fidget Spinner Toy Glowing Hand Spinner Perfect For ADD, ADHD, Anxiety, and Stress Relief (Fluorescence)",Balai,$2.80,Toys & Games,4,"6,451","$18,063",47,4,Merch,B06XD94N9B,https://www.amazon.com/dp/B06XD94N9B
5,"Fidget Spinner Toy Stress Reducer High Speed Bearing- Perfect For ADD, ADHD, Anxiety, and Autism Adult Children",Linne,$2.52,Sports & Outdoors,67,"3,080","$7,762",6,4,Merch,B06XFCJR48,https://www.amazon.com/dp/B06XFCJR48
6,"Fidget Spinner Toy Stress Reducer - Perfect For ADD, ADHD, Anxiety, and Autism Adult Children",Diageng,$2.22,Toys & Games,6,"5,930","$13,165",9,4,Merch,B06XQP2Y3J,https://www.amazon.com/dp/B06XQP2Y3J
7,FINGER SPINNER Rainbow Color 2 Sides Fidget Spinner Toy Relieve Stress High Speed Focus Toy for Killing Time (Rainbow),FINGER SPINNER,$3.80,Toys & Games,7,"5,737","$21,801",23,3,Merch,B06XR6NPQN,https://www.amazon.com/dp/B06XR6NPQN
8,Meishatong Anti-Spinner New Style Fidget Hand Spinner Stress Relief Anxiety Stress Relief Toy (Multi-Colour),ANTI-SPINNER,$3.16,Toys & Games,8,"5,573","$17,611",13,3,Merch,B06XQFTQR9,https://www.amazon.com/dp/B06XQFTQR9
9,Hatchimals - CollEGGtibles - 4-Pack + Bonus (Styles & Colors May Vary) by Spin Master,Hatchimals,$9.99,Toys & Games,9,"5,430","$54,246",N.A.,N.A.,AMZ,B01LXRU4E1,https://www.amazon.com/dp/B01LXRU4E1
10,"Tom's Fidgets Omega Tri-Spinner Fidget Toy, Black",Tom's Fidgets,$2.09,Toys & Games,10,"5,304","$11,085",28,3,Merch,B06XNPZ5MG,https://www.amazon.com/dp/B06XNPZ5MG
11,"Oliasports Fidget Cube Relieves Stress & Anxiety, Black",Oliasports,$2.13,Toys & Games,11,"5,191","$11,057",968,3,Merch,B01N3UN0QE,https://www.amazon.com/dp/B01N3UN0QE
12,"Ratoop Fidget Cube Relieves Stress and Anxiety Attention Toy for Work, Class, Home",Ratoop,$2.27,Sports & Outdoors,241,"2,104","$4,776",123,3.5,Merch,B01MR8FWC5,https://www.amazon.com/dp/B01MR8FWC5
13,"Hand Spinner, BESTTY Metal 3D Ultra Durable Triangle Hand Spinner EDC Fidget Spinner Toy Fingertip Gyro for For ADD, ADHD, Anxiety, Made High Speed - Up to 5 Mins (Black)",BESTTY,$3.40,Toys & Games,13,"4,996","$16,986",8,3.5,Merch,B06XSCTY4B,https://www.amazon.com/dp/B06XSCTY4B
14,Fidgeteer Fidget Spinner EDC Toy | Anxiety and Stress Relief | Si3N4 Ceramic Bearings | Black,Fidgeteer,$10.99,Toys & Games,14,"4,911","$53,972",602,4.5,FBA,B06XHRSCJJ,https://www.amazon.com/dp/B06XHRSCJJ
15,Oliasports 6-Sides Relieves Stress & Anxiety for Children & Adults Anxiety Attention Toy,Oliasports,$2.12,Toys & Games,15,"4,832","$10,244",87,3.5,Merch,B01NAPMXLF,https://www.amazon.com/dp/B01NAPMXLF
16,"Spinner Fidget High Speed Tri-Spinner Fidget Toy Stress Reducer With Premium Bearing Hand Fidget Spinner Perfect For ADD, ADHD, Anxiety, and Autism Adult Children(Black)",Open Up To Love,$8.99,Toys & Games,16,"4,759","$42,783",79,4,FBA,B06W2PJC54,https://www.amazon.com/dp/B06W2PJC54
17,GongFu Star Fidget Spinner Toy Time Killer Perfect to relieve ADHD Anxiety Reduce Stress Helps Focus (Blue),GongFu Star,$2.20,Toys & Games,17,"4,691","$10,320",19,3.5,Merch,B06WRNP43S,https://www.amazon.com/dp/B06WRNP43S
18,"Fidget Spinner,Viyaabang Hand Spinner ,Tri-Spinner Fidget Toys for Adult and Kids -Perfect for ADD,ADHD,and Anxiety.(Green)",viyaabang,$3.20,Toys & Games,18,"4,628","$14,810",21,4.5,Merch,B06XJP13WH,https://www.amazon.com/dp/B06XJP13WH
19,"Fidget Spinner with hybrid ceramic ball bearings for a smooth, quiet spin that doesn't stop. Perfect for people with ADD, ADHD, anxiety, sensory processing disorder or any fidgeting.",Wiggle Worm,$2.15,Toys & Games,19,"4,568","$9,821",124,4,Merch,B01MS4TLMM,https://www.amazon.com/dp/B01MS4TLMM
20,Cards Against Humanity,Cards Against Humanity LLC.,$25.00,Toys & Games,20,"4,511","$112,775",36179,5,FBA,B004S8F7QM,https://www.amazon.com/dp/B004S8F7QM
1,"Scotch Heavy Duty Shipping Packaging Tape, 1.88 Inches x 800 Inches, 6 Rolls with Dispenser (142-6)",Scotch,$9.60,Office Products,1,"10,890","$104,544",2331,4.5,AMZ,B000J07BRQ,https://www.amazon.com/dp/B000J07BRQ
2,"Georgia-Pacific Spectrum Standard 92 Multipurpose Paper, 8.5 x 11 Inches, 1 box of 3 packs (1500 Sheets) (998606)",Georgia-Pacific,$14.99,Office Products,2,"9,528","$142,825",4982,4.5,AMZ,B00BB5DJU6,https://www.amazon.com/dp/B00BB5DJU6
3,"HP 61 Black & Tri-color Original Ink Cartridges, 2 pack (CR259FN)",N.A.,$30.99,Office Products,3,"8,774","$271,906",5184,4.5,AMZ,B003YT6RNS,https://www.amazon.com/dp/B003YT6RNS
4,HP 61 Black Original Ink Cartridge (CH561WN),N.A.,$13.99,Office Products,4,"8,257","$115,515",4200,4.5,AMZ,B003H2GBM4,https://www.amazon.com/dp/B003H2GBM4
5,"Elmer's Liquid School Glue, Washable, 1 Gallon, 1 Count",Elmer's,N.A.,Office Products,5,"7,867",N.A.,1471,4.5,N.A.,B0006HUJJO,https://www.amazon.com/dp/B0006HUJJO
6,"Elmer's Glue-All Multi-Purpose Liquid Glue, Extra Strong, 1 Gallon, 1 Count",Elmers,$15.99,Office Products,6,"7,556","$120,820",439,4.5,AMZ,B0038DZZJC,https://www.amazon.com/dp/B0038DZZJC
7,"HP 63 Black & Tri-color Original Ink Cartridges, 2 Count  (L0R46AN)",N.A.,$31.99,Office Products,7,"7,298","$233,463",955,4.5,AMZ,B00WR23VRI,https://www.amazon.com/dp/B00WR23VRI
8,Brother Printer TN660 High Yield Toner,Brother,$44.88,Office Products,8,"7,077","$317,616",1683,4.5,AMZ,B00LJO8EQS,https://www.amazon.com/dp/B00LJO8EQS
9,"HP 951 Ink Cartridge, Cyan/Magenta/Yellow, 3-Pack (CR314FN)",N.A.,$45.03,Office Products,9,"6,886","$310,077",1166,4.5,AMZ,B005BZNE2A,https://www.amazon.com/dp/B005BZNE2A
10,HP 950XL Black High Yield Original Ink Cartridge (CN045AN),N.A.,$30.99,Office Products,10,"6,717","$208,160",996,4.5,AMZ,B005BZNEMK,https://www.amazon.com/dp/B005BZNEMK
11,Brother TN450  High Yield Black Toner - Retail Packaging,Brother,$44.88,Office Products,11,"6,566","$294,682",4398,4.5,AMZ,B003YFHCKY,https://www.amazon.com/dp/B003YFHCKY
12,"Prismacolor Premier Colored Pencils, Soft Core, 24-Count",Prismacolor,$11.48,Office Products,12,"6,429","$73,805",2072,4.5,AMZ,B00006IEEU,https://www.amazon.com/dp/B00006IEEU
13,"Duck Brand Bubble Wrap Original Cushioning, 12-Inches x 150-Feet, Single Roll (284054)",Duck,$16.88,Office Products,13,"6,305","$106,428",1674,4.5,AMZ,B00D3AFMT8,https://www.amazon.com/dp/B00D3AFMT8
14,"Pilot G2 Retractable Premium Gel Ink Roller Ball Pens, Fine Point, Black, 12-Pack (31020)",Pilot,$11.89,Office Products,14,"6,191","$73,611",6006,4.5,AMZ,B001GAOTSW,https://www.amazon.com/dp/B001GAOTSW
15,"Sharpie Permanent Markers, Fine Point, Black, 12 Count (Pack of 12)",Sharpie,$6.28,Office Products,15,"6,086","$38,220",2242,5,AMZ,B00006IFHD,https://www.amazon.com/dp/B00006IFHD
16,"Sharpie Permanent Markers, Fine Point, Black, 12 Count (Pack of 12)",Sharpie,$6.28,Office Products,15,"6,086","$38,220",2242,5,AMZ,B00006IFHD,https://www.amazon.com/dp/B00006IFHD
17,"Brother TZE2312PK 1/2-inch Standard Laminated P-Touch Tape, Black on White, 26.2 Feet (2-Pack)",Brother,$17.74,Office Products,16,"5,988","$106,227",1964,4.5,AMZ,B017RCO1JY,https://www.amazon.com/dp/B017RCO1JY
18,"Brother TZE2312PK 1/2-inch Standard Laminated P-Touch Tape, Black on White, 26.2 Feet (2-Pack)",Brother,$17.74,Office Products,16,"5,988","$106,227",1964,4.5,AMZ,B017RCO1JY,https://www.amazon.com/dp/B017RCO1JY
19,"Scotch Heavy Duty Shipping Packaging Tape, 1.88 x 800 Inches (142)",Scotch,$2.78,Office Products,17,"5,897","$16,394",798,4.5,AMZ,B003W0P2SA,https://www.amazon.com/dp/B003W0P2SA
20,"Scotch Heavy Duty Shipping Packaging Tape, 1.88 x 800 Inches (142)",Scotch,$2.78,Office Products,17,"5,897","$16,394",798,4.5,AMZ,B003W0P2SA,https://www.amazon.com/dp/B003W0P2SA
21,HP 62XL Black High Yield Original Ink Cartridge (C2P05AN),N.A.,$29.99,Office Products,18,"5,812","$174,302",458,4.5,AMZ,B00L1G7LBI,https://www.amazon.com/dp/B00L1G7LBI
22,HP 62XL Black High Yield Original Ink Cartridge (C2P05AN),N.A.,$29.99,Office Products,18,"5,812","$174,302",458,4.5,AMZ,B00L1G7LBI,https://www.amazon.com/dp/B00L1G7LBI
23,"HP 62 Black & Tri-color Original Ink Cartridges,(N9H64FN)",N.A.,$29.93,Office Products,19,"5,733","$171,589",560,4,AMZ,B01644VWZM,https://www.amazon.com/dp/B01644VWZM
24,"HP 62 Black & Tri-color Original Ink Cartridges,(N9H64FN)",N.A.,$29.93,Office Products,19,"5,733","$171,589",560,4,AMZ,B01644VWZM,https://www.amazon.com/dp/B01644VWZM
25,"Dust-Off Disposable Compressed Gas Duster, 10 oz Cans, 2 Pack",Dust-Off,$13.59,Office Products,20,"5,657","$76,879",270,4.5,AMZ,B00FZYT278,https://www.amazon.com/dp/B00FZYT278
26,"Dust-Off Disposable Compressed Gas Duster, 10 oz Cans, 2 Pack",Dust-Off,$13.59,Office Products,20,"5,657","$76,879",270,4.5,AMZ,B00FZYT278,https://www.amazon.com/dp/B00FZYT278
1,"URPOWER 2nd Version Essential Oil Diffuser, 100ml Aroma Essential Oil Cool Mist Humidifier with Adjustable Mist Mode,Waterless Auto Shut-off and 7 Color LED Lights Changing for Home Office Baby",URPOWER,$19.95,Home & Kitchen,2,"8,136","$162,313",13516,4.5,FBA,B00Y2CQRZY,https://www.amazon.com/dp/B00Y2CQRZY
2,"Brita Replacement Water Filter for Pitchers, 3 Count",Brita,$14.69,Kitchen & Dining,1,"4,440","$65,224",7037,4.5,AMZ,B00004SU18,https://www.amazon.com/dp/B00004SU18
3,"Chapin 20000 Poly Lawn and Garden Sprayer For Fertilizer, Herbicides and Pesticides, 1 Gallon",Chapin International,$9.82,"Patio, Lawn & Garden",2,"4,824","$47,372",3605,4.5,AMZ,B000E28UQU,https://www.amazon.com/dp/B000E28UQU
4,"Ozeri Pronto Digital Multifunction Kitchen and Food Scale, Elegant Black",Ozeri,$11.85,Kitchen & Dining,2,"3,934","$46,618",11484,4.5,AMZ,B004164SRA,https://www.amazon.com/dp/B004164SRA
5,"Ultrasonic Cool Mist Humidifier, Anypro 3.5L Air Humidifiers with Super Quiet Operation, Variable Night Lights and Automatic Shut-off",Anypro,$54.99,Kitchen & Dining,3,"3,653","$200,878",1258,4.5,FBA,B01H6Y46PW,https://www.amazon.com/dp/B01H6Y46PW
6,"Instant Pot IP-DUO60 7-in-1 Multi-Functional Pressure Cooker, 6Qt/1000W",Instant Pot,$99.99,Kitchen & Dining,4,"3,459","$345,865",18310,4.5,AMZ,B00FLYWNYQ,https://www.amazon.com/dp/B00FLYWNYQ
7,Pyrex 3-Piece Glass Measuring Cup Set,Pyrex,$12.61,Kitchen & Dining,5,"3,313","$41,777",4721,4.5,AMZ,B00M2J7PCI,https://www.amazon.com/dp/B00M2J7PCI
8,BLACK + DECKER CHV1410L 16V Cordless Lithium Hand Vac,N.A.,$50.09,Home & Kitchen,9,"6,089","$304,998",11284,4.5,AMZ,B006LXOJC0,https://www.amazon.com/dp/B006LXOJC0
9,"BLACK+DECKER AF-100-3ZP 30ft 0.065 Line String Trimmer Replacement Spool, 3-Pack",N.A.,$12.99,"Patio, Lawn & Garden",3,"4,439","$57,663",1751,4.5,FBA,B00004R9TL,https://www.amazon.com/dp/B00004R9TL
10,iRobot Roomba 650 Robotic Vacuum Cleaner,N.A.,$281.21,Home & Kitchen,11,"5,838","$1,641,704",4478,4.5,AMZ,B008LX6OC6,https://www.amazon.com/dp/B008LX6OC6
11,"Radha Beauty Essential Oil Diffuser 7 colors - 120 ml Cool Mist Aroma Humidifier for Aromatherapy with changing Colored LED Lights, Portable, Waterless Auto Shut-off and Adjustable Mist mode",Radha Beauty,$19.95,Home & Kitchen,12,"5,731","$114,333",6755,4.5,FBA,B014SF6MBI,https://www.amazon.com/dp/B014SF6MBI
12,"KRUPS F203 Electric Spice and Coffee Grinder with Stainless Steel Blades, 3-Ounce, Black",KRUPS,$18.94,Kitchen & Dining,6,"3,196","$60,532",10043,4.5,AMZ,B00004SPEU,https://www.amazon.com/dp/B00004SPEU
13,"AmazonBasics Velvet Suit Hangers - 50 Pack, Black",N.A.,$18.99,Home & Kitchen,14,"5,544","$105,281",2882,4.5,AMZ,B00FXNAAW2,https://www.amazon.com/dp/B00FXNAAW2
14,O-Cedar EasyWring Microfiber Spin Mop and Bucket Floor Cleaning System,O-Cedar,$33.88,Home & Kitchen,15,"5,461","$185,019",3744,4.5,FBA,B00WSWGVZQ,https://www.amazon.com/dp/B00WSWGVZQ
15,4 Reusable Single Cup Keurig Solo Filter Pod Coffee Stainless Mesh (iPartsPlusMore,iPartsPlusMore,$8.96,Kitchen & Dining,7,"3,098","$27,758",1207,4,FBA,B00LGEKOMS,https://www.amazon.com/dp/B00LGEKOMS
16,BISSELL 9595A Vacuum with OnePass - Corded,N.A.,$89.99,Home & Kitchen,17,"5,312","$478,027",9185,4.5,AMZ,B00AZBIZTW,https://www.amazon.com/dp/B00AZBIZTW
17,"Ortho Snake B Gon Snake Repellent Granules, 2-Pound (Not Sold in AK)",Ortho,$8.48,"Patio, Lawn & Garden",4,"4,176","$35,412",351,4,AMZ,B009QAPKL4,https://www.amazon.com/dp/B009QAPKL4
18,Queen Size SafeRest Premium Hypoallergenic Waterproof Mattress Protector - Vinyl Free,SafeRest,$29.95,Home & Kitchen,19,"5,182","$155,201",22568,4.5,FBA,B003PWNH4Q,https://www.amazon.com/dp/B003PWNH4Q
19,Sun Joe SPX3000 Pressure Joe 2030 PSI 1.76 GPM 14.5-Amp Electric Pressure Washer,Snow Joe,$148.74,"Patio, Lawn & Garden",5,"3,977","$591,539",3433,4.5,AMZ,B00CPGMUXW,https://www.amazon.com/dp/B00CPGMUXW
1,"Angel Soft Toilet Paper, 48 Double Rolls, Bath Tissue (Pack of 4 with 12 rolls each)",Angel Soft,$21.29,Health & Household,1,"5,430","$115,605",2080,4,AMZ,B00FFJ2LXU,https://www.amazon.com/dp/B00FFJ2LXU
2,"Bounty Select-a-Size Paper Towels, White, Huge Roll, 12 Count",Bounty,$23.99,Health & Personal Care,2,"13,090","$314,029",3116,4.5,AMZ,B019DM86LA,https://www.amazon.com/dp/B019DM86LA
3,"Cascade Platinum ActionPacs Dishwasher Detergent, Fresh Scent, 62 count",Cascade,N.A.,Health & Personal Care,3,"12,128",N.A.,60,4.5,N.A.,B01NGTV4J5,https://www.amazon.com/dp/B01NGTV4J5
4,"Pampers Baby Wipes Sensitive 9X Refill, 576 Count",Pampers,$14.64,Health & Personal Care,4,"11,468","$167,892",1351,4.5,AMZ,B00FMWWN6U,https://www.amazon.com/dp/B00FMWWN6U
5,"Cottonelle Ultra ComfortCare Toilet Paper, Bath Tissue, 36 Family Rolls",Cottonelle,$19.99,Health & Household,5,"3,916","$78,281",979,4.5,AMZ,B01BT3U5TC,https://www.amazon.com/dp/B01BT3U5TC
6,AmazonBasics AA Performance Alkaline Batteries (48-Pack) - Packaging May Vary,AmazonBasics,$12.49,Health & Household,6,"3,760","$46,962",12855,4.5,AMZ,B00MNV8E0C,https://www.amazon.com/dp/B00MNV8E0C
7,Playtex Diaper Genie Refills for Diaper Genie Diaper Pails - 270 Count (Pack of 3),Playtex,$16.87,Health & Personal Care,7,"10,237","$172,698",2556,4.5,AMZ,B009TJ3J60,https://www.amazon.com/dp/B009TJ3J60
8,"Pampers Baby Wipes Sensitive 7X Refill, 448 Count",Pampers,$11.64,Health & Personal Care,8,"9,953","$115,853",3844,4.5,AMZ,B005DLCJX2,https://www.amazon.com/dp/B005DLCJX2
9,"Pampers Swaddlers Diapers Size 5, 124 Count",Pampers,N.A.,Health & Household,9,"3,425",N.A.,7733,4.5,N.A.,B00DFFT6IO,https://www.amazon.com/dp/B00DFFT6IO
10,"Sparkle Paper Towels, 24 Giant Plus Rolls, Pick-A-Size, White",Sparkle,$27.49,Health & Household,10,"3,341","$91,844",426,4.5,AMZ,B01M4IWGHE,https://www.amazon.com/dp/B01M4IWGHE
11,"Glad Tall Kitchen Drawstring Trash Bags, 13 Gallon, 90 Count, (Packaging May Vary)",Glad,$12.73,Health & Household,11,"3,265","$41,563",3049,4.5,AMZ,B00ASBOP9S,https://www.amazon.com/dp/B00ASBOP9S
12,"Kleenex Ultra Soft Facial Tissues, Medium Count Flat, 170 ct, 6 Pack. Designs May Vary",Kleenex,$12.33,Health & Personal Care,12,"9,117","$112,413",3521,4.5,AMZ,B010OW13V8,https://www.amazon.com/dp/B010OW13V8
13,"Quilted Northern Ultra Plush Toilet Paper, 24 Supreme (92+ Regular) Bath Tissue Rolls",Quilted Northern,$23.93,Health & Household,13,"3,135","$75,021",7405,4.5,AMZ,B01B5KAAUS,https://www.amazon.com/dp/B01B5KAAUS
14,"Charmin Ultra Soft Toilet Paper, Bath Tissue, Mega Roll, 24 Count",Charmin,$19.81,Health & Household,14,"3,078","$60,975",2204,4.5,AMZ,B00XSFLOCC,https://www.amazon.com/dp/B00XSFLOCC
15,AmazonBasics AAA Performance Alkaline Batteries (36-Pack),AmazonBasics,$8.99,Health & Personal Care,15,"8,672","$77,961",12855,4.5,AMZ,B00LH3DMUO,https://www.amazon.com/dp/B00LH3DMUO
16,Tide PODS Spring Meadow HE Turbo Laundry Detergent Pacs 81-load Tub,Tide,$19.97,Health & Household,16,"2,976","$59,431",1798,4.5,AMZ,B01BUNHFQM,https://www.amazon.com/dp/B01BUNHFQM
17,"Clorox Disinfecting Wipes Value Pack, Fresh Scent and Citrus Blend, 225 Count",Clorox Disinfecting Wipes,$9.97,Health & Household,17,"2,931","$29,222",1622,4.5,AMZ,B00HSC9F2C,https://www.amazon.com/dp/B00HSC9F2C
18,"HUGGIES Natural Care Baby Wipes, Refill Pack (648  Sheets Total), Fragrance-free, Alcohol-free, Hypoallergenic",Huggies,$14.97,Health & Household,18,"2,888","$43,233",2857,4.5,AMZ,B01BOGG5KM,https://www.amazon.com/dp/B01BOGG5KM
19,"Pampers Swaddlers Diapers Size 1, 216 Count",Pampers,$31.99,Health & Household,19,"2,848","$91,108",7733,4.5,AMZ,B00DFFT9SQ,https://www.amazon.com/dp/B00DFFT9SQ
20,"Finish All In 1 Powerball, Fresh 85 Tabs, Dishwasher Detergent Tablets (Packaging May Vary)",Finish,$13.59,Health & Personal Care,20,"8,115","$110,283",3650,4.5,AMZ,B00GLXKDPC,https://www.amazon.com/dp/B00GLXKDPC
1,Fire TV Stick with Alexa Voice Remote | Streaming Media Player,Amazon,$39.99,Electronics,1,"5,009","$200,310",60634,4.5,AMZ,B00ZV9RDKK,https://www.amazon.com/dp/B00ZV9RDKK
2,Echo Dot (2nd Generation) - Black,Amazon,$49.99,Kindle Store,2,"4,984","$249,150",24726,4.5,AMZ,B01DFKC2SO,https://www.amazon.com/dp/B01DFKC2SO
3,Amazon Fire TV | Streaming Media Player,Amazon,$89.99,Electronics,3,"3,988","$358,880",28230,4.5,AMZ,B00U3FPN4U,https://www.amazon.com/dp/B00U3FPN4U
4,"SENSO Bluetooth Headphones, Best Wireless Sports Earphones w/ Mic IPX7 Waterproof HD Stereo Sweatproof Earbuds for Gym Running Workout 8 Hour Battery Noise Cancelling Headsets",Senso,$36.97,Electronics,4,"3,740","$138,268",10279,4.5,FBA,B01G8JO5F2,https://www.amazon.com/dp/B01G8JO5F2
5,Amazon Echo - Black,Amazon,$179.99,Electronics,5,"3,553","$639,504",54317,4.5,AMZ,B00X4WHP5E,https://www.amazon.com/dp/B00X4WHP5E
6,Echo Dot (2nd Generation) - White,Amazon,$49.99,Kindle Store,6,"4,110","$205,459",24726,4.5,AMZ,B015TJD0Y4,https://www.amazon.com/dp/B015TJD0Y4
7,"Fujifilm Instax Mini Instant Film (3 Twin Packs, 60 Total Pictures)",Fujifilm,$37.50,Camera & Photo,1,"4,170","$156,375",1787,4.5,FBA,B00O4OR4GQ,https://www.amazon.com/dp/B00O4OR4GQ
8,"Fire Tablet with Alexa, 7 Display, 8 GB, Blue - with Special Offers",Amazon,$49.99,Electronics,1,"5,009","$250,400",116373,4,AMZ,B018Y227MY,https://www.amazon.com/dp/B018Y227MY
9,Roku Express,Roku,$29.99,Electronics,9,"3,084","$92,489",2258,4.5,AMZ,B01LXJA5JD,https://www.amazon.com/dp/B01LXJA5JD
10,"Kindle Paperwhite E-reader - Black, 6 High-Resolution Display (300 ppi) with Built-in Light, Wi-Fi - Includes Special Offers",Amazon,$119.99,Electronics,10,"3,003","$360,330",41512,4.5,AMZ,B00OQVZDJM,https://www.amazon.com/dp/B00OQVZDJM
11,"Fire HD 8 Tablet with Alexa, 8 HD Display, 16 GB, Black - with Special Offers",Amazon,$89.99,Electronics,2,"4,352","$391,636",30896,4.5,AMZ,B018SZT3BK,https://www.amazon.com/dp/B018SZT3BK
12,"Fire Tablet with Alexa, 7 Display, 8 GB, Magenta - with Special Offers",Amazon,$49.99,Electronics,3,"3,988","$199,360",116373,4,AMZ,B018Y229OU,https://www.amazon.com/dp/B018Y229OU
13,"SENSO Bluetooth Headphones Wireless Sports Earphones - w/ Mic, IPX7 Waterproof, HD Stereo Sweatproof Earbuds, for Gym Running Workout, 8 Hour Battery, Noise Cancelling Headsets",Senso,$37.97,Electronics,13,"2,807","$106,582",10279,4.5,FBA,B01M2CTKH4,https://www.amazon.com/dp/B01M2CTKH4
14,Roku Streaming Stick (3600R),Roku,$49.99,Electronics,14,"2,752","$137,572",5524,4.5,AMZ,B01DA0YCNC,https://www.amazon.com/dp/B01DA0YCNC
15,"Anker 4-Port USB 3.0 Ultra Slim Data Hub for Mac, PC, USB Flash Drives and Other Devices",Anker,$9.99,Computers & Accessories,4,"7,969","$79,610",2417,4.5,FBA,B00XMD7KPU,https://www.amazon.com/dp/B00XMD7KPU
16,"Fire HD 8 Tablet with Alexa, 8 HD Display, 32 GB, Black - with Special Offers",Amazon,$119.99,Electronics,5,"3,553","$426,324",30896,4.5,AMZ,B01ACEKAJY,https://www.amazon.com/dp/B01ACEKAJY
17,Fujifilm INSTAX Mini Instant Film Twin Pack (White),Fujifilm,N.A.,Camera & Photo,2,"3,508",N.A.,3501,4.5,N.A.,B00EB4ADQW,https://www.amazon.com/dp/B00EB4ADQW
18,NETGEAR Nighthawk AC1750 Smart Dual Band WiFi Router (R6700),NETGEAR,$109.99,Computers & Accessories,6,"7,020","$772,130",13353,4.5,AMZ,B00R2AZLD2,https://www.amazon.com/dp/B00R2AZLD2
19,Amazon Echo - White,Amazon,$179.99,Electronics,19,"2,534","$456,095",54317,4.5,AMZ,B01E6AO69U,https://www.amazon.com/dp/B01E6AO69U
20,Sabrent 4-Port USB 3.0 Hub with Individual Power Switches and LEDs (HB-UM43),Sabrent,$9.99,Computers & Accessories,7,"6,675","$66,683",6519,4.5,FBA,B00JX1ZS5O,https://www.amazon.com/dp/B00JX1ZS5O
1,"Lnabni Strapless Self Adhesive Silicone Invisible Push-up Bras for Women, Pack of 2",Lnabni,$14.99,"Clothing, Shoes & Jewelry",1,"9,180","$137,608",184,3.5,N.A.,B06WWJK9VR,https://www.amazon.com/dp/B06WWJK9VR
2,Lanmo Womens Swing Tunic Tops Loose Fit Comfy Flattering T Shirt,Lanmo,$9.99,"Clothing, Shoes & Jewelry",2,"8,163","$81,548",976,4.5,N.A.,B01KHLD904,https://www.amazon.com/dp/B01KHLD904
3,Travelambo RFID Front Pocket Wallet Minimalist Wallet Slim Wallet Genuine Leather,Travelambo,$10.15,"Clothing, Shoes & Jewelry",3,"7,596","$77,099",1044,4.5,FBA,B01FICEFNM,https://www.amazon.com/dp/B01FICEFNM
4,Crocs Unisex Classic Clog,N.A.,$13.75,"Clothing, Shoes & Jewelry",4,"7,206","$99,083",7253,4.5,N.A.,B01EQYX9NU,https://www.amazon.com/dp/B01EQYX9NU
5,i play. Baby & Toddler Flap Sun Protection Swim Hat,i play.,$6.84,"Clothing, Shoes & Jewelry",5,"6,911","$47,271",1692,4.5,N.A.,B01GSBPG4Y,https://www.amazon.com/dp/B01GSBPG4Y
6,Milumia Women's Button Up Split Floral Print Flowy Party Maxi Dress,Milumia,$24.99,"Clothing, Shoes & Jewelry",6,"6,674","$166,783",1085,4,N.A.,B01FQS7RSS,https://www.amazon.com/dp/B01FQS7RSS
7,Levi's Men's 505 Regular Fit Jean,N.A.,$29.90,"Clothing, Shoes & Jewelry",7,"6,477","$193,662",7817,4,N.A.,B01ECFBFCA,https://www.amazon.com/dp/B01ECFBFCA
8,ASICS Men's GEL Venture 5 Trail Running Shoe,N.A.,$48.95,"Clothing, Shoes & Jewelry",8,"6,309","$308,826",5705,4.5,N.A.,B00Q2JC290,https://www.amazon.com/dp/B00Q2JC290
9,Hanes Men's 5-Pack Ultimate FreshIQ Boxer with ComfortFlex Waistband Brief - Assorted Colors,N.A.,$17.49,"Clothing, Shoes & Jewelry",9,"6,163","$107,791",4307,4.5,N.A.,B00ACIFJEW,https://www.amazon.com/dp/B00ACIFJEW
10,GRACE KARIN BoatNeck Sleeveless Vintage Tea Dress with Belt,GRACE KARIN,$25.99,"Clothing, Shoes & Jewelry",10,"6,033","$156,798",3619,4.5,N.A.,B016XUCYZO,https://www.amazon.com/dp/B016XUCYZO
11,Champion Men's Long Mesh Short With Pockets,N.A.,$9.95,"Clothing, Shoes & Jewelry",11,"5,917","$58,874",3440,4.5,N.A.,B002VLZH7M,https://www.amazon.com/dp/B002VLZH7M
12,Hanes Men's ComfortSoft T-Shirt (Pack of 4),N.A.,$12.27,"Clothing, Shoes & Jewelry",12,"5,812","$71,313",2809,4,N.A.,B010283OG6,https://www.amazon.com/dp/B010283OG6
13,Gerber Unisex Baby Onesies (Pack of 5),N.A.,$9.99,"Clothing, Shoes & Jewelry",13,"5,716","$57,103",1949,4.5,N.A.,B007CRR6Y2,https://www.amazon.com/dp/B007CRR6Y2
14,LALABRA Women's Strapless Bra Self Adhesive Silicone Push Up with Drawstring,KISSBOBO,$5.99,"Clothing, Shoes & Jewelry",14,"5,628","$33,712",184,3.5,N.A.,B06XD1MPQH,https://www.amazon.com/dp/B06XD1MPQH
15,Sanuk Women's Yoga Sling 2 Flip Flop,N.A.,$18.00,"Clothing, Shoes & Jewelry",15,"5,547","$99,846",6283,4.5,N.A.,B01H94Y3XE,https://www.amazon.com/dp/B01H94Y3XE
16,Levi's Men's 501 Original-Fit Jean,N.A.,$27.99,"Clothing, Shoes & Jewelry",16,"5,472","$153,161",7628,4.5,N.A.,B0018OR118,https://www.amazon.com/dp/B0018OR118
17,Fruit of the Loom Men's 6-Pack Stay Tucked Crew T-Shirt,N.A.,$13.99,"Clothing, Shoes & Jewelry",17,"5,401","$75,560",1634,4.5,N.A.,B00XWUD2N2,https://www.amazon.com/dp/B00XWUD2N2
18,Levi's Men's 511 Slim Fit Jean,N.A.,$24.90,"Clothing, Shoes & Jewelry",18,"5,335","$132,842",4691,4.5,N.A.,B0018OLTAC,https://www.amazon.com/dp/B0018OLTAC
19,Waist Trainer Corset for Weight Loss Sport Workout Body Shaper Tummy Fat Burner,SAYFUT,$4.51,"Clothing, Shoes & Jewelry",19,"5,273","$23,781",1774,3.5,N.A.,B00TF7XBR8,https://www.amazon.com/dp/B00TF7XBR8
20,Champion Men's Classic Jersey T-Shirt,N.A.,$6.63,"Clothing, Shoes & Jewelry",20,"5,215","$34,575",58,4,N.A.,B01N6DJO7M,https://www.amazon.com/dp/B01N6DJO7M
1,"Fujifilm Instax Mini Instant Film (3 Twin Packs, 60 Total Pictures)",Fujifilm,$37.50,Camera & Photo,1,"4,170","$156,375",1787,4.5,FBA,B00O4OR4GQ,https://www.amazon.com/dp/B00O4OR4GQ
2,Fujifilm INSTAX Mini Instant Film Twin Pack (White),Fujifilm,N.A.,Camera & Photo,2,"3,508",N.A.,3501,4.5,N.A.,B00EB4ADQW,https://www.amazon.com/dp/B00EB4ADQW
3,Fujifilm Instax Mini Film Value Pack - 60 Images,Fujifilm,$33.99,Camera & Photo,3,"3,148","$107,001",2140,4.5,AMZ,B01E3QM34W,https://www.amazon.com/dp/B01E3QM34W
4,Fujifilm Instax Mini 8 Instant Camera (Pink),Fujifilm,$49.99,Camera & Photo,4,"2,904","$145,171",10313,4.5,AMZ,B009ZM9R4O,https://www.amazon.com/dp/B009ZM9R4O
5,AKASO EK7000 4K WIFI Sports Action Camera Ultra HD Waterproof DV Camcorder 12MP 170 Degree Wide Angle,AKASO,$83.99,Camera & Photo,5,"2,722","$228,621",4537,4.5,FBA,B01HGM33HG,https://www.amazon.com/dp/B01HGM33HG
6,"Polaroid 2x3 inch Premium ZINK Photo Paper QUINTUPLE PACK (50 Sheets) - Compatible With Polaroid Snap, Snap Touch, Z2300, SocialMatic Instant Cameras & Zip Instant Printer",Polaroid,$24.88,Camera & Photo,6,"2,577","$64,116",1289,4.5,AMZ,B008GVVUFE,https://www.amazon.com/dp/B008GVVUFE
7,Fujifilm Instax Mini 8 Instant Film Camera (Black),Fujifilm,$53.44,Camera & Photo,7,"2,458","$131,356",10313,4.5,AMZ,B00AWKJPMC,https://www.amazon.com/dp/B00AWKJPMC
8,GoPro HERO5 Black,GoPro,$399.00,Camera & Photo,8,"2,357","$940,443",581,4.5,AMZ,B01M14ATO0,https://www.amazon.com/dp/B01M14ATO0
9,Fujifilm INSTAX Mini 8 Instant Camera (Blue),Fujifilm,$57.95,Camera & Photo,9,"2,270","$131,547",10313,4.5,AMZ,B00AWKJPOA,https://www.amazon.com/dp/B00AWKJPOA
10,Fujifilm INSTAX Mini Instant Film (Rainbow),Fujifilm,$7.49,Camera & Photo,10,"2,193","$16,426",2140,4.5,AMZ,B00DUNYW7G,https://www.amazon.com/dp/B00DUNYW7G
11,"Fujifilm Instax Mini Instant Film, 10 Sheets5 Pack(Total 50 Shoots)",Fuji,$31.99,Camera & Photo,11,"2,125","$67,979",102,4.5,FBA,B015IY34FA,https://www.amazon.com/dp/B015IY34FA
12,"Fujifilm instax Wide Instant Film, 20 Exposures, White, New Packaging",Fujifilm,$17.24,Camera & Photo,12,"2,063","$35,566",780,4.5,FBA,B00ZFQQJ18,https://www.amazon.com/dp/B00ZFQQJ18
13,Fujifilm Instax Mini Monochrome Film - 10 Exposures,Fujifilm,$9.99,Camera & Photo,13,"2,008","$20,060",2140,4.5,AMZ,B01LZJ004O,https://www.amazon.com/dp/B01LZJ004O
14,"Fujifilm Instax Mini Instant Film, 10 Sheets of 5 Pack  2 (100 Sheets)",Fujifilm,$64.95,Camera & Photo,14,"1,957","$127,107",2140,4.5,FBA,B00G6C7XUG,https://www.amazon.com/dp/B00G6C7XUG
15,GoPro HERO Session,GoPro,$175.00,Camera & Photo,15,"1,910","$334,250",525,4,AMZ,B01C80O0ZU,https://www.amazon.com/dp/B01C80O0ZU
16,Neewer 50-In-1 Action Camera Accessory Kit for GoPro Hero Session/5 Hero 1 2 3 3+ 4 5 SJ4000 5000 6000 DBPOWER AKASO VicTsing APEMAN WiMiUS Rollei QUMOX Lightdow Campark And Sony Sports DV and More,Neewer,$19.99,Camera & Photo,16,"1,867","$37,321",423,4,FBA,B01171X0UW,https://www.amazon.com/dp/B01171X0UW
17,Nikon Coolpix L340 20.2 MP Digital Camera with 28x Optical Zoom and 3.0-Inch LCD (Black),Nikon,$149.99,Camera & Photo,17,"1,827","$274,032",821,4,AMZ,B00THKEKEQ,https://www.amazon.com/dp/B00THKEKEQ
18,Fujifilm QuickSnap Flash 400 Disposable 35mm Camera (Pack of 2),Fujifilm,$12.68,Camera & Photo,18,"1,789","$22,685",57,4,FBA,B00PUNB1UA,https://www.amazon.com/dp/B00PUNB1UA
19,YI Home Camera Wireless IP Security Surveillance System (US Edition) White,YI,$39.99,Camera & Photo,19,"1,754","$70,142",1842,4,FBA,B016F3M7OM,https://www.amazon.com/dp/B016F3M7OM
20,"Combo: (Works with Arlo) Tenergy 3.7V RCR123A Li-ion Battery Charger + 4 pcs 3.7V 650mAh RCR123A Li-ion Batteries for Arlo Wire-Free HD Security Cameras (VMC3030) UN, UL Certified",Tenergy,$49.95,Camera & Photo,20,"1,721","$85,964",139,4.5,FBA,B01N0DVFA7,https://www.amazon.com/dp/B01N0DVFA7
1,Shattered: Inside Hillary Clinton's Doomed Campaign,Visit Amazon's Jonathan Allen Page,$16.80,Books,1,"13,770","$231,336",176,3,AMZ,553447084,https://www.amazon.com/dp/0553447084
2,Thirteen Reasons Why,Visit Amazon's Jay Asher Page,$5.43,Books,2,"11,691","$63,482",3639,4.5,AMZ,159514188X,https://www.amazon.com/dp/159514188X
3,The Immortal Life of Henrietta Lacks,Visit Amazon's Rebecca Skloot Page,$9.70,Books,3,"10,553","$102,364",5242,4.5,AMZ,1400052181,https://www.amazon.com/dp/1400052181
4,Make Your Bed: Little Things That Can Change Your Life...And Maybe the World,Visit Amazon's William H. McRaven Page,$11.23,Books,4,"9,782","$109,852",65,5,AMZ,1455570249,https://www.amazon.com/dp/1455570249
5,This Fight Is Our Fight: The Battle to Save America's Middle Class,Visit Amazon's Elizabeth Warren Page,$16.96,Books,5,"9,203","$156,083",27,3,AMZ,1250120616,https://www.amazon.com/dp/1250120616
6,Milk and Honey,Visit Amazon's Rupi Kaur Page,$8.99,Books,6,"8,744","$78,609",2033,4.5,AMZ,144947425X,https://www.amazon.com/dp/144947425X
7,The Whole30: The 30-Day Guide to Total Health and Food Freedom,Visit Amazon's Melissa Hartwig Page,$18.00,Books,7,"8,365","$150,570",2595,4.5,AMZ,544609719,https://www.amazon.com/dp/0544609719
8,"Oh, The Places You'll Go!",Visit Amazon's Dr. Seuss Page,$11.39,Books,8,"8,043","$91,610",3549,5,AMZ,679805273,https://www.amazon.com/dp/0679805273
9,The Handmaid's Tale,Visit Amazon's Margaret Atwood Page,$8.69,Books,9,"7,764","$67,469",3727,4,AMZ,038549081X,https://www.amazon.com/dp/038549081X
10,Hillbilly Elegy: A Memoir of a Family and Culture in Crisis,Visit Amazon's J. D. Vance Page,$15.67,Books,10,"7,519","$117,823",5972,4.5,AMZ,62300547,https://www.amazon.com/dp/0062300547
11,Good Night Stories for Rebel Girls,Visit Amazon's Elena Favilli Page,N.A.,Books,11,"7,301",N.A.,317,4.5,N.A.,014198600X,https://www.amazon.com/dp/014198600X
12,First 100 Words,Visit Amazon's Roger Priddy Page,$3.92,Books,12,"7,104","$27,848",6681,4.5,AMZ,312510780,https://www.amazon.com/dp/0312510780
13,"Everything, Everything",Visit Amazon's Nicola Yoon Page,$6.59,Books,13,"6,926","$45,642",952,4.5,AMZ,553496670,https://www.amazon.com/dp/0553496670
14,Killers of the Flower Moon: The Osage Murders and the Birth of the FBI,Visit Amazon's David Grann Page,$17.37,Books,14,"6,763","$117,473",13,4.5,AMZ,385534248,https://www.amazon.com/dp/0385534248
15,The Subtle Art of Not Giving a F*ck: A Counterintuitive Approach to Living a Good Life,Visit Amazon's Mark Manson Page,$13.59,Books,15,"6,613","$89,871",1065,4.5,AMZ,62457713,https://www.amazon.com/dp/0062457713
16,"Option B: Facing Adversity, Building Resilience, and Finding Joy",Visit Amazon's Sheryl Sandberg Page,$15.88,Books,16,"6,474","$102,807",N.A.,N.A.,AMZ,1524732680,https://www.amazon.com/dp/1524732680
17,The Wonderful Things You Will Be,Visit Amazon's Emily Winfield Martin Page,$7.99,Books,17,"6,345","$50,697",1001,5,AMZ,385376715,https://www.amazon.com/dp/0385376715
18,You Are a Badass: How to Stop Doubting Your Greatness and Start Living an Awesome Life,Visit Amazon's Jen Sincero Page,$7.75,Books,18,"6,224","$48,236",2271,4.5,AMZ,762447699,https://www.amazon.com/dp/0762447699
19,The Going-To-Bed Book,Visit Amazon's Sandra Boynton Page,$2.99,Books,19,"6,111","$18,272",2159,4.5,AMZ,671449028,https://www.amazon.com/dp/0671449028
20,Big Little Lies,Visit Amazon's Liane Moriarty Page,$9.91,Books,20,"6,005","$59,510",13679,4.5,AMZ,425274861,https://www.amazon.com/dp/0425274861